{"cameraMode":{"drawMode":0,"name":"Shaded","section":"Shading Mode"},"sceneLighting":false,"audioPlay":false,"sceneViewState":{"m_AlwaysRefresh":false,"showFog":false,"showSkybox":false,"showFlares":false,"showImageEffects":false,"showParticleSystems":false,"showVisualEffectGraphs":true,"m_FxEnabled":true},"in2DMode":false,"pivot":{"x":5.937188148498535,"y":0.13271906971931458,"z":-1.6646459102630616},"rotation":{"x":0.04254152253270149,"y":0.7858469486236572,"z":-0.058868084102869037,"w":0.6148220896720886},"size":4.272696018218994,"orthographic":false}