{"cameraMode":{"drawMode":0,"name":"Shaded","section":"Shading Mode"},"sceneLighting":false,"audioPlay":false,"sceneViewState":{"m_AlwaysRefresh":false,"showFog":false,"showSkybox":false,"showFlares":false,"showImageEffects":false,"showParticleSystems":false,"showVisualEffectGraphs":true,"m_FxEnabled":true},"in2DMode":false,"pivot":{"x":-1.890395998954773,"y":0.05506173521280289,"z":-2.6620991230010988},"rotation":{"x":0.00012896540283691138,"y":-0.9772177338600159,"z":0.0005859431112185121,"w":0.21227124333381654},"size":2.3586862087249758,"orthographic":false}