{"cameraMode":{"drawMode":0,"name":"Shaded","section":"Shading Mode"},"sceneLighting":false,"audioPlay":false,"sceneViewState":{"m_AlwaysRefresh":false,"showFog":true,"showSkybox":false,"showFlares":true,"showImageEffects":true,"showParticleSystems":true,"showVisualEffectGraphs":true,"m_FxEnabled":true},"in2DMode":false,"pivot":{"x":-1254.75732421875,"y":4.669107437133789,"z":-0.005436897277832031},"rotation":{"x":0.2072184681892395,"y":-0.047032471746206287,"z":0.007932720705866814,"w":0.9775102734565735},"size":6.62296199798584,"orthographic":false}