{"cameraMode":{"drawMode":0,"name":"Shaded","section":"Shading Mode"},"sceneLighting":true,"audioPlay":false,"sceneViewState":{"m_AlwaysRefresh":false,"showFog":true,"showSkybox":true,"showFlares":true,"showImageEffects":true,"showParticleSystems":true,"showVisualEffectGraphs":true,"m_FxEnabled":true},"in2DMode":false,"pivot":{"x":-226.3507080078125,"y":5.7938008308410648,"z":51.45402908325195},"rotation":{"x":-0.004470811691135168,"y":0.9956620335578919,"z":0.0832163617014885,"w":0.05202275887131691},"size":2.7444634437561037,"orthographic":false}