{"cameraMode":{"drawMode":0,"name":"Shaded","section":"Shading Mode"},"sceneLighting":true,"audioPlay":false,"sceneViewState":{"m_AlwaysRefresh":false,"showFog":true,"showSkybox":true,"showFlares":true,"showImageEffects":true,"showParticleSystems":true,"showVisualEffectGraphs":true,"m_FxEnabled":true},"in2DMode":false,"pivot":{"x":-1584.6910400390625,"y":-271.23309326171877,"z":-1322.708251953125},"rotation":{"x":-0.033974360674619678,"y":0.9153587222099304,"z":-0.07867985218763352,"w":-0.3933602273464203},"size":1124.4786376953125,"orthographic":false}