{"cameraMode":{"drawMode":0,"name":"Shaded","section":"Shading Mode"},"sceneLighting":true,"audioPlay":false,"sceneViewState":{"m_AlwaysRefresh":false,"showFog":true,"showSkybox":true,"showFlares":true,"showImageEffects":true,"showParticleSystems":true,"showVisualEffectGraphs":true,"m_FxEnabled":true},"in2DMode":false,"pivot":{"x":3.511373519897461,"y":-49.53065872192383,"z":453.5234680175781},"rotation":{"x":-0.040269963443279269,"y":0.015620303340256215,"z":0.002727956511080265,"w":-0.999670147895813},"size":284.7643737792969,"orthographic":false}