{"cameraMode":{"drawMode":0,"name":"Shaded","section":"Shading Mode"},"sceneLighting":true,"audioPlay":false,"sceneViewState":{"m_AlwaysRefresh":false,"showFog":true,"showSkybox":true,"showFlares":true,"showImageEffects":true,"showParticleSystems":true,"showVisualEffectGraphs":true,"m_FxEnabled":true},"in2DMode":false,"pivot":{"x":-132.90280151367188,"y":-0.02830338478088379,"z":4.995084762573242},"rotation":{"x":-0.05549836531281471,"y":0.7441348433494568,"z":-0.061364684253931048,"w":-0.6632313132286072},"size":11.852887153625489,"orthographic":false}