{"cameraMode":{"drawMode":0,"name":"Shaded","section":"Shading Mode"},"sceneLighting":false,"audioPlay":false,"sceneViewState":{"m_AlwaysRefresh":false,"showFog":true,"showSkybox":false,"showFlares":true,"showImageEffects":true,"showParticleSystems":true,"showVisualEffectGraphs":true,"m_FxEnabled":true},"in2DMode":false,"pivot":{"x":-1353.0999755859375,"y":8.818110466003418,"z":1.899998664855957},"rotation":{"x":0.006523387506604195,"y":-0.8943542242050171,"z":0.44801002740859988,"w":0.009021221660077572},"size":15.554763793945313,"orthographic":false}