{"cameraMode":{"drawMode":0,"name":"Shaded","section":"Shading Mode"},"sceneLighting":true,"audioPlay":false,"sceneViewState":{"m_AlwaysRefresh":false,"showFog":true,"showSkybox":true,"showFlares":true,"showImageEffects":true,"showParticleSystems":true,"showVisualEffectGraphs":true,"m_FxEnabled":true},"in2DMode":false,"pivot":{"x":-343.48382568359377,"y":196.94752502441407,"z":326.66290283203127},"rotation":{"x":0.04949398338794708,"y":-0.9350413084030151,"z":0.14477404952049256,"w":0.3199608027935028},"size":101.08744049072266,"orthographic":true}