{"cameraMode":{"drawMode":0,"name":"Shaded","section":"Shading Mode"},"sceneLighting":true,"audioPlay":false,"sceneViewState":{"m_AlwaysRefresh":false,"showFog":true,"showSkybox":true,"showFlares":true,"showImageEffects":true,"showParticleSystems":true,"showVisualEffectGraphs":true,"m_FxEnabled":true},"in2DMode":false,"pivot":{"x":-59.72357177734375,"y":44.20613479614258,"z":55.27098083496094},"rotation":{"x":0.013565439730882645,"y":0.9551158547401428,"z":-0.2988330125808716,"w":0.035398077219724658},"size":2.3104593753814699,"orthographic":false}