{"cameraMode":{"drawMode":0,"name":"Shaded","section":"Shading Mode"},"sceneLighting":true,"audioPlay":false,"sceneViewState":{"m_AlwaysRefresh":false,"showFog":true,"showSkybox":true,"showFlares":true,"showImageEffects":true,"showParticleSystems":true,"showVisualEffectGraphs":true,"m_FxEnabled":true},"in2DMode":false,"pivot":{"x":-49.86941909790039,"y":45.91722869873047,"z":13.017862319946289},"rotation":{"x":-0.010302148759365082,"y":0.9576282501220703,"z":-0.2858732044696808,"w":-0.034785278141498569},"size":26.215694427490236,"orthographic":false}