{"cameraMode":{"drawMode":0,"name":"Shaded","section":"Shading Mode"},"sceneLighting":true,"audioPlay":false,"sceneViewState":{"m_AlwaysRefresh":false,"showFog":true,"showSkybox":true,"showFlares":true,"showImageEffects":true,"showParticleSystems":true,"showVisualEffectGraphs":true,"m_FxEnabled":true},"in2DMode":false,"pivot":{"x":-1688.0858154296875,"y":232.03897094726563,"z":25.020267486572267},"rotation":{"x":0.026137053966522218,"y":0.7074931859970093,"z":0.029027095064520837,"w":-0.7062510848045349},"size":256.06793212890627,"orthographic":true}