{"cameraMode":{"drawMode":0,"name":"Shaded","section":"Shading Mode"},"sceneLighting":true,"audioPlay":false,"sceneViewState":{"m_AlwaysRefresh":false,"showFog":true,"showSkybox":true,"showFlares":true,"showImageEffects":true,"showParticleSystems":true,"showVisualEffectGraphs":true,"m_FxEnabled":true},"in2DMode":false,"pivot":{"x":-119.55567169189453,"y":-2028.9979248046875,"z":-3379.6572265625},"rotation":{"x":0.0032535644713789226,"y":0.9651410579681397,"z":-0.26699793338775637,"w":-0.018415430560708047},"size":1982.2581787109375,"orthographic":false}