{"cameraMode":{"drawMode":0,"name":"Shaded","section":"Shading Mode"},"sceneLighting":true,"audioPlay":false,"sceneViewState":{"m_AlwaysRefresh":false,"showFog":true,"showSkybox":true,"showFlares":true,"showImageEffects":true,"showParticleSystems":true,"showVisualEffectGraphs":true,"m_FxEnabled":true},"in2DMode":false,"pivot":{"x":-22.983394622802736,"y":0.14497536420822144,"z":4.709164142608643},"rotation":{"x":-0.14990022778511048,"y":0.8114454746246338,"z":-0.23654954135417939,"w":-0.5131791830062866},"size":11.496382713317871,"orthographic":true}