{"cameraMode":{"drawMode":0,"name":"Shaded","section":"Shading Mode"},"sceneLighting":true,"audioPlay":false,"sceneViewState":{"m_AlwaysRefresh":false,"showFog":true,"showSkybox":true,"showFlares":true,"showImageEffects":true,"showParticleSystems":true,"showVisualEffectGraphs":true,"m_FxEnabled":true},"in2DMode":false,"pivot":{"x":-225.93435668945313,"y":1.9750642776489258,"z":4.201733589172363},"rotation":{"x":-0.08481331169605255,"y":0.8717492818832398,"z":-0.15977975726127625,"w":-0.4564611613750458},"size":2.6456475257873537,"orthographic":false}