{"cameraMode":{"drawMode":0,"name":"Shaded","section":"Shading Mode"},"sceneLighting":false,"audioPlay":false,"sceneViewState":{"m_AlwaysRefresh":false,"showFog":true,"showSkybox":false,"showFlares":true,"showImageEffects":true,"showParticleSystems":true,"showVisualEffectGraphs":true,"m_FxEnabled":true},"in2DMode":false,"pivot":{"x":-211.64739990234376,"y":-70.56245422363281,"z":-329.72467041015627},"rotation":{"x":-0.02682327851653099,"y":0.9555326700210571,"z":-0.08832542598247528,"w":-0.28097912669181826},"size":210.87722778320313,"orthographic":false}