{"cameraMode":{"drawMode":0,"name":"Shaded","section":"Shading Mode"},"sceneLighting":false,"audioPlay":false,"sceneViewState":{"m_AlwaysRefresh":false,"showFog":false,"showSkybox":false,"showFlares":false,"showImageEffects":false,"showParticleSystems":false,"showVisualEffectGraphs":true,"m_FxEnabled":true},"in2DMode":false,"pivot":{"x":2.4398369789123537,"y":1.5510177612304688,"z":2.2781405448913576},"rotation":{"x":0.07372618466615677,"y":-0.9135215282440186,"z":0.19184714555740357,"w":0.35106518864631655},"size":2.611738920211792,"orthographic":false}