{"cameraMode":{"drawMode":0,"name":"Shaded","section":"Shading Mode"},"sceneLighting":false,"audioPlay":false,"sceneViewState":{"m_AlwaysRefresh":false,"showFog":true,"showSkybox":false,"showFlares":true,"showImageEffects":true,"showParticleSystems":true,"showVisualEffectGraphs":true,"m_FxEnabled":true},"in2DMode":false,"pivot":{"x":-1234.9573974609375,"y":9.427906036376954,"z":1.5391218662261963},"rotation":{"x":0.17988720536231996,"y":-0.037893444299697879,"z":0.005832691676914692,"w":0.9833042025566101},"size":5.703939914703369,"orthographic":false}