{"cameraMode":{"drawMode":0,"name":"Shaded","section":"Shading Mode"},"sceneLighting":false,"audioPlay":false,"sceneViewState":{"m_AlwaysRefresh":false,"showFog":true,"showSkybox":false,"showFlares":true,"showImageEffects":true,"showParticleSystems":true,"showVisualEffectGraphs":true,"m_FxEnabled":true},"in2DMode":false,"pivot":{"x":-1235.4000244140625,"y":5.260741710662842,"z":2.9999990463256838},"rotation":{"x":0.006523387506604195,"y":-0.8943542242050171,"z":0.44801002740859988,"w":0.009021221660077572},"size":9.24506664276123,"orthographic":false}